///key,,,,,,,
///Filter,,,,,,,
//;序号,1,2,3,4,5,6,7
活动物品,物品名字,物品数量,,,,,
物品1,金币,280000,,,,,
物品2,金币,580000,,,,,
物品3,金币,880000,,,,,
物品4,金币,990000,,,,,
物品5,金币,1880000,,,,,
物品6,绿晶矿,2,,,,,
物品7,绿晶矿,12,,,,,
物品8,绿晶矿,32,,,,,
物品9,绿晶矿,42,,,,,
物品10,绿晶矿,50,,,,,
物品11,1万经验卷,5,,,,,
物品12,1万经验卷,8,,,,,
物品13,1万经验卷,15,,,,,
物品14,1万经验卷,22,,,,,
物品15,1万经验卷,30,,,,,
物品16,10万经验卷,1,,,,,
物品17,10万经验卷,3,,,,,
物品18,10万经验卷,5,,,,,
物品19,10万经验卷,9,,,,,
物品20,声望令牌,5,,,,,
物品21,声望令牌,8,,,,,
物品22,声望令牌,12,,,,,
物品23,女儿红,1,,,,,
物品24,女儿红,2,,,,,
物品25,女儿红,3,,,,,
物品26,女儿红,5,,,,,
物品27,精修卷轴,1,,,,,
物品28,精修卷轴,3,,,,,
物品29,精修卷轴,5,,,,,
物品30,精修卷轴,8,,,,,
物品31,女娲石,1,,,,,
物品32,女娲石,2,,,,,
物品33,女娲石,3,,,,,
物品34,女娲石,4,,,,,
物品35,女娲石,5,,,,,
物品36,灵兽碎片,1,,,,,
物品37,100万经验卷,1,,,,,
物品38,天外陨铁,1,,,,,
物品39,天命神石,1,,,,,
物品40,上古卷轴,1,,,,,
物品41,百炼龙魂石,1,,,,,
物品42,混元晶石,1,,,,,
物品43,T1神器宝盒,1,,,,,
物品44,T1神甲宝盒,1,,,,,
