//,,,,,,,,,,,,,,,,
//,1,2,3,4,5,6,7,8,9,10,11,12,13,14,15,16
idx,道具名称,材料idx,材料idx,材料idx,材料idx,材料idx,材料名1,材料名2,材料名3,材料名4,材料名5,材料数1,材料数2,材料数3,材料数4,材料数5
1,天武战士,10427,10463,10433,10464,10155,布料,女娲石,天外陨铁,天命神石,金砖,100,100,15,5,2
2,幻魔法魄,10427,10463,10433,10464,10155,布料,女娲石,天外陨铁,天命神石,金砖,100,100,15,5,2
3,元道真人,10427,10463,10433,10464,10155,布料,女娲石,天外陨铁,天命神石,金砖,100,100,15,5,2
4,神武战将,10427,10463,10433,10464,10156,布料,女娲石,天外陨铁,天命神石,金盒,300,200,30,10,2
5,天幻法灵,10427,10463,10433,10464,10156,布料,女娲石,天外陨铁,天命神石,金盒,300,200,30,10,2
6,无量天尊,10427,10463,10433,10464,10156,布料,女娲石,天外陨铁,天命神石,金盒,300,200,30,10,2
7,天龙战神,10427,10463,10433,10464,10156,布料,女娲石,天外陨铁,天命神石,金盒,500,500,50,20,5
8,魔天无极,10427,10463,10433,10464,10156,布料,女娲石,天外陨铁,天命神石,金盒,500,500,50,20,5
9,沧澜蓝幽,10427,10463,10433,10464,10156,布料,女娲石,天外陨铁,天命神石,金盒,500,500,50,20,5
